{"cameraMode":{"drawMode":0,"name":"Shaded","section":"Shading Mode"},"sceneLighting":true,"audioPlay":false,"sceneViewState":{"m_AlwaysRefresh":false,"showFog":true,"showSkybox":true,"showFlares":true,"showImageEffects":true,"showParticleSystems":true,"showVisualEffectGraphs":true,"m_FxEnabled":true},"in2DMode":false,"pivot":{"x":3.66375994682312,"y":0.2721395194530487,"z":-11.443021774291993},"rotation":{"x":0.062090806663036349,"y":0.9284523725509644,"z":-0.18108879029750825,"w":0.3183269798755646},"size":5.461381435394287,"orthographic":false}